cliente,Total
Artur,173.8
Caio,151.20000000000002
Fernando,45.5
Gabriel,64.7
Jose,23.96
Pedro,83.64
Renan,15.600000000000001
